Size,Time_Seconds,Operations
10,4.08e-05,2000
50,0.0024149,250000
100,0.018273,2000000
200,0.228041,16000000
500,2.44294,250000000
1000,23.4231,2000000000
